7761586,adult s
7750814,children m
7753518,children m
7748586,children l
7753503,children l
7746193,adult m
7747619,children m
7757816,children l
7752495,children m
7745504,children l
7747593,children l
7747413,children m
7759983,children m
7750237,children xl
7760338,children xl
7755826,children xl
7761361,adult s
7745241,children m
7749056,children xl
7750430,children l
7741570,children m
7743571,children l
7756578,children l
7749030,children m
7745315,children l
7745315,children l
7749751,adult s
