7741313,1055
7741314,1055
7741316,1055
7741317,1055
7741319,1055
7741321,1055
7741322,1055
7741323,1055
7741324,1055
7741325,1055
7741326,1055
7741327,1055
7741328,1055
7741329,1055
7741331,1055
7741332,1055
7741337,1056
7741342,1056
7741346,1056
7741347,1056
7741351,1056
7741352,1053
7741353,1053
7741354,1053
7741356,1053
7741357,1053
7741362,1053
7741363,1053
7741365,1053
7741366,1053
7741367,1053
7741368,1053
7741369,1053
7741371,1053
7741374,1053
7741377,1054
7741378,1054
7741379,1054
7741380,1054
7741381,1054
7741382,1054
7741383,1054
7741384,1054
7741385,1054
7741386,1054
7741388,1054
7741389,1054
7741390,1054
7741391,1054
7741392,1054
7741393,1054
7741394,1054
7741395,1054
7741396,1054
7741397,1054
7741398,1054
7741399,1054
