7741203,s
7741204,s
7741205,s
7741207,s
7741208,s
7741209,s
7741210,s
7741211,s
7741212,s
7741213,s
7741214,s
7741215,s
7741216,s
7741217,s
7741218,s
7741219,s
7741220,s
7741221,s
7741222,s
7741223,s
7741224,s
7738465,m
7738344,m
7741045,m
7738334,m
771435,m
7738343,m
7739545,m
7738350,m
7738342,m
7741046,m
7738338,m
7741047,m
7738340,m
7738337,m
7738351,m
7738468,m
7738346,m
7741048,m
7738727,m
7741049,m
7741050,m
7738345,m
7741052,m
7741054,m
7741055,m
7738326,m
7738728,m
771428,m
771429,m
7741056,m
7738333,m
7737023,m
771434,m
7741104,m
771437,m
771438,m
7738339,m
771443,m
771444,m
771445,m
771447,m
7738335,m
771430,m
771431,m
771432,m
7738466,m
771187,m
7738327,m
7738323,m
7738336,m
771439,m
771440,m
7738329,m
7738324,m
771448,m
771449,m
771450,m
771451,m
771196,l
771197,l
771185,l
771198,l
771200,l
771201,l
771202,l
771204,l
771205,l
771207,l
7741058,l
771208,l
771209,l
771210,l
771211,l
771212,l
771181,l
771183,l
771184,l
771186,l
771199,l
771189,l
771190,l
771191,l
7738460,l
7741059,l
771206,l
771193,l
7738347,l
771195,l
771228,l
771229,l
771231,l
771232,l
771233,l
771234,l
7741060,l
771235,l
771238,l
771239,l
771240,l
771241,l
7738348,l
771242,l
771243,l
771213,l
771215,l
771217,l
7738706,l
771218,l
7738322,l
771219,l
771220,l
771221,l
771222,l
771223,l
771224,l
771226,l
771227,l
771263,xl
771264,xl
771265,xl
771266,xl
771267,xl
771268,xl
771269,xl
771271,xl
7739792,xl
771273,xl
771274,xl
771275,xl
771276,xl
771277,xl
771278,xl
771279,xl
771280,xl
771281,xl
771282,xl
771246,xl
771247,xl
7741062,xl
771248,xl
771249,xl
771250,xl
771252,xl
771253,xl
771254,xl
771255,xl
771260,xl
771261,xl
771262,xl
771283,xl
771284,xl
771285,xl
771286,xl
771288,xl
771289,xl
771294,xl
771295,xl
771297,xl
771299,xl
771301,xl
771302,xl
771303,xl
771304,xl
771305,xl
7741241,xl
771306,xl
771307,xl
771308,xl
771310,xl
771311,xl
771313,xl
771314,xl
771321,xl
7739887,xl
771323,xl
7739790,xl
771330,xl
771363,xl
